"year","width"
1987,109.833333333333
1988,130.2
1989,110
1990,103.666666666667
1991,76.1666666666667
1992,74.5
1993,83.8333333333333
1994,81.6666666666667
1995,87
1996,113.6
