"year","width"
1959,42.6666666666667
1960,47.25
1961,66
1962,50
1963,55.25
1964,47
1965,51
1966,48
1967,59
1968,68.3333333333333
