"year","width"
1927,118.5
1928,95
1929,46
1930,60.3333333333333
1931,57.3333333333333
1932,53.5
1933,67.75
1934,43.5
1935,36.25
1936,16.6666666666667
