"year","width"
1985,71.5
1986,46
1987,64.5
1988,86.25
1989,109.75
1990,91
1991,65.25
1992,19
1993,41.6666666666667
1994,49.3333333333333
