"year","width"
1975,143.666666666667
1976,104.125
1977,112.142857142857
1978,173
1979,109.375
1980,127.625
1981,87.875
1982,84.1666666666667
1983,136.857142857143
1984,162.375
