"year","width"
1992,81.6666666666667
1993,107.571428571429
1994,95.8
1995,112.2
1996,129
1997,163.166666666667
1998,128.666666666667
1999,156.8
2000,139
2001,131.5
