"year","width"
1952,93.25
1953,108.25
1954,104
1955,107.714285714286
1956,129.625
1957,132.625
1958,131
1959,116.714285714286
1960,119.875
1961,133.125
