"year","width"
1949,62.1428571428571
1950,80.875
1951,80.4285714285714
1952,74.125
1953,83.7142857142857
1954,81
1955,85.4285714285714
1956,88.2857142857143
1957,114.571428571429
1958,142
