"year","width"
1963,108.5
1964,81.1428571428571
1965,66.4285714285714
1966,96
1967,134.875
1968,166.714285714286
1969,107.333333333333
1970,130.142857142857
1971,125.571428571429
1972,133
