"year","width"
1968,90.25
1969,101.5
1970,123.25
1971,53.5714285714286
1972,89.7142857142857
1973,79.5714285714286
1974,73.4
1975,75.5
1976,48.8571428571429
1977,66.2857142857143
