"year","width"
1994,155.5
1995,200.857142857143
1996,217.571428571429
1997,242.571428571429
1998,157.428571428571
1999,211.285714285714
2000,186.428571428571
2001,164.428571428571
2002,116.2
2003,56
