"year","width"
1980,230.5
1981,231
1982,192
1983,176.625
1984,161
1985,144.625
1986,180.428571428571
1987,158.333333333333
1988,190.285714285714
1989,133
