"year","width"
1991,151.285714285714
1992,62.5
1993,109.2
1994,87
1995,59.5
1996,87.3333333333333
1997,131.6
1998,57.6
1999,130.25
2000,121.666666666667
