"year","width"
1988,106.75
1989,110.25
1990,137.333333333333
1991,151.285714285714
1992,62.5
1993,109.2
1994,87
1995,59.5
1996,87.3333333333333
1997,131.6
