"year","width"
1927,98.625
1928,44.5714285714286
1929,53.1428571428571
1930,61.375
1931,91.375
1932,108.5
1933,98.875
1934,29.7142857142857
1935,43.625
1936,83.125
