"year","width"
1971,141.625
1972,140
1973,121.857142857143
1974,137.375
1975,185.333333333333
1976,132.25
1977,164.625
1978,195.375
1979,172.375
1980,186.625
