"year","width"
1963,80.4
1964,58
1965,59
1966,86.8
1967,113.666666666667
1968,142.166666666667
1969,122
1970,115.666666666667
1971,52.3333333333333
1972,92.4
