"year","width"
1974,136.75
1975,161.833333333333
1976,122
1977,162
1978,183.166666666667
1979,103.8
1980,163.285714285714
1981,184.166666666667
1982,151.333333333333
1983,127.8
