"year","width"
1978,183.166666666667
1979,103.8
1980,163.285714285714
1981,184.166666666667
1982,151.333333333333
1983,127.8
1984,172
1985,113.8
1986,208.333333333333
1987,183.8
