"year","width"
1963,112.333333333333
1964,55.4
1965,87.8571428571429
1966,153.714285714286
1967,136.428571428571
1968,182.666666666667
1969,114
1970,137.833333333333
1971,64.6666666666667
1972,101.2
