"year","width"
1937,183.25
1938,163
1939,206.5
1940,167.333333333333
1941,128.5
1942,81.3333333333333
1943,117.25
1944,94.6666666666667
1945,74.5
1946,84.5
