"year","width"
1952,99.8333333333333
1953,105.666666666667
1954,119.166666666667
1955,116.857142857143
1956,128
1957,147.142857142857
1958,175.571428571429
1959,154
1960,121.2
1961,122.5
