"year","width"
1969,138.666666666667
1970,194.666666666667
1971,71.5
1972,137
1973,115
1974,114.333333333333
1975,149
1976,73.5
1977,65.3333333333333
1978,194
