"year","width"
1960,106.25
1961,120.5
1962,73.75
1963,122.666666666667
1964,66
1965,125.25
1966,124.666666666667
1967,172.333333333333
1968,220.333333333333
1969,138.666666666667
