"year","width"
1932,92
1933,94.5
1934,59.6666666666667
1935,60.5
1936,65
1937,64.5
1938,73.3333333333333
1939,75.6666666666667
1940,66.3333333333333
1941,47.6666666666667
