"year","width"
1991,214.4
1992,310.714285714286
1993,286.428571428571
1994,288.857142857143
1995,263.142857142857
1996,242
1997,271.428571428571
1998,246.571428571429
1999,297.428571428571
2000,250.571428571429
