"year","width"
1984,87.3333333333333
1985,63.6666666666667
1986,69.6666666666667
1987,71
1988,100.666666666667
1989,80
1990,117
1991,95.3333333333333
1992,79.3333333333333
1993,133.333333333333
