"year","width"
1979,259.285714285714
1980,212.125
1981,166.5
1982,161.125
1983,96.625
1984,123.857142857143
1985,150.125
1986,113.142857142857
1987,137.142857142857
1988,205.375
