"year","width"
1981,182
1982,221.333333333333
1983,174.666666666667
1984,188.333333333333
1985,198.333333333333
1986,171
1987,246.666666666667
1988,328.666666666667
1989,217.666666666667
1990,198.333333333333
