"year","width"
1972,137.666666666667
1973,141.333333333333
1974,135.666666666667
1975,125.333333333333
1976,64.6666666666667
1977,111
1978,162
1979,131.333333333333
1980,122.333333333333
1981,182
