"year","width"
1984,70
1985,75.125
1986,69.125
1987,85.5714285714286
1988,121.142857142857
1989,106.875
1990,76.2857142857143
1991,80.375
1992,67.875
1993,99.8571428571429
