"year","width"
1980,61.1428571428571
1981,62.5
1982,59.2857142857143
1983,55.2857142857143
1984,70
1985,75.125
1986,69.125
1987,85.5714285714286
1988,121.142857142857
1989,106.875
