"year","width"
1991,168.25
1992,149
1993,178
1994,174.625
1995,134.75
1996,148.25
1997,132.375
1998,99.5714285714286
1999,139.25
2000,119.857142857143
