"year","width"
1958,194.375
1959,185.875
1960,113.142857142857
1961,146.625
1962,93.25
1963,115
1964,117.571428571429
1965,110.75
1966,135.714285714286
1967,150.5
