"year","width"
1989,144.833333333333
1990,119.75
1991,114.857142857143
1992,103.125
1993,205.428571428571
1994,159.333333333333
1995,92.8571428571429
1996,145
1997,132.333333333333
1998,114.571428571429
