"year","width"
1942,54.6666666666667
1943,63.5
1944,52.3333333333333
1945,40
1946,55.1428571428571
1947,38
1948,29.4285714285714
1949,35
1950,41.5714285714286
1951,31.2857142857143
