"year","width"
1969,136.857142857143
1970,165.5
1971,143.571428571429
1972,165
1973,122.75
1974,133.25
1975,118.75
1976,50.75
1977,102.714285714286
1978,106.285714285714
