"year","width"
1920,98
1921,98.125
1922,112
1923,89.1666666666667
1924,138.428571428571
1925,136
1926,136.875
1927,166.375
1928,108.875
1929,97.8571428571429
